{
"lengthUnit": "mil",
"remark": [],
"components": {
	"fields": ["COMPONENT_NO", "COMPONENT_NAME", "LAYER", "X_COORDINATE", "Y_COORDINATE", "ANGLE"],
	"rows": [
		[1, "C1", "T", 1827.0785, -1062.9215, 0],
		[2, "LED1", "T", 1787.0785, -1292.9215, 270],
		[3, "R1", "T", 1927.0785, -1297.9215, 90],
		[4, "U1", "T", 2195, -1185, 270],
		[5, "U2", "T", 2935, -1000, 90],
		[6, "PAD1", "T", 1866.4485, -1062.9215, 0],
		[7, "PAD2", "T", 1787.7085, -1062.9215, 0],
		[8, "PAD3", "T", 1787.0785, -1251.5715, 0],
		[9, "PAD4", "T", 1787.0785, -1334.2715, 0],
		[10, "PAD5", "T", 1927.0785, -1258.5515, 0],
		[11, "PAD6", "T", 1927.0785, -1337.2915, 0],
		[12, "PAD7", "T", 2410, -1025, 0],
		[13, "PAD8", "T", 2560, -975, 0],
		[14, "PAD8", "B", 2560, -975, 0],
		[15, "PAD9", "T", 2098.54, -1160, 0],
		[16, "PAD10", "T", 2098.54, -1110, 0],
		[17, "PAD11", "T", 2291.46, -1210, 0],
		[18, "PAD12", "T", 2291.46, -1160, 0],
		[19, "PAD13", "T", 2291.46, -1110, 0]
	]
},
"pins": {
	"fields": ["PIN_NO", "PIN_NAME", "PIN_X", "PIN_Y", "LAYER", "PIN_TYPE", "NET_NAME", "NET_TYPE", "PAD_SHAPE", "PAD_SIZEX", "PAD_SIZEY", "HOLE_SIZE", "HOLE_LEN", "PAD_ANGLE"],
	"rows": [
		[1, "C1_1", 1787.7085, -1062.9215, "T", "SMD", "$1N629", "", "R", 55.512, 53.15, 0, 0, 0],
		[2, "C1_2", 1866.4485, -1062.9215, "T", "SMD", "$1N612", "", "R", 55.512, 53.15, 0, 0, 0],
		[3, "LED1_1", 1787.0785, -1334.2715, "T", "SMD", "$1N653", "", "R", 39.37, 55.1, 0, 0, 90],
		[4, "LED1_2", 1787.0785, -1251.5715, "T", "SMD", "$1N629", "", "R", 39.37, 55.1, 0, 0, 90],
		[5, "R1_1", 1927.0785, -1337.2915, "T", "SMD", "$1N653", "", "R", 44.588, 54.213, 0, 0, 90],
		[6, "R1_2", 1927.0785, -1258.5515, "T", "SMD", "$1N612", "", "R", 44.588, 54.213, 0, 0, 90],
		[7, "U1_1", 2098.54, -1110, "T", "SMD", "$1N601", "", "R", 23.622, 70.866, 0, 0, 270],
		[8, "U1_2", 2098.54, -1160, "T", "SMD", "$1N629", "", "R", 23.622, 70.866, 0, 0, 270],
		[9, "U1_3", 2098.54, -1210, "T", "SMD", "NET_1", "", "R", 23.622, 70.866, 0, 0, 270],
		[10, "U1_4", 2098.54, -1260, "T", "SMD", "NET_2", "", "R", 23.622, 70.866, 0, 0, 270],
		[11, "U1_5", 2291.46, -1260, "T", "SMD", "NET_3", "", "R", 23.622, 70.866, 0, 0, 90],
		[12, "U1_6", 2291.46, -1210, "T", "SMD", "$1N612", "", "R", 23.622, 70.866, 0, 0, 90],
		[13, "U1_7", 2291.46, -1160, "T", "SMD", "$1N612", "", "R", 23.622, 70.866, 0, 0, 90],
		[14, "U1_8", 2291.46, -1110, "T", "SMD", "$1N606", "", "R", 23.622, 70.866, 0, 0, 90],
		[15, "U2_P$1", 2410, -1025, "T", "SMD", "$1N606", "", "R", 29.5276, 11.811, 0, 0, 180],
		[16, "U2_P$2", 2560, -975, "T", "DIP", "$1N601", "", "C", 31.811, 31.811, 11.811, 11.811, 90],
		[17, "U2_P$2", 2560, -975, "B", "DIP", "$1N601", "", "C", 31.811, 31.811, 11.811, 11.811, 90],
		[18, "PAD1_2", 1866.4485, -1062.9215, "T", "SMD", "$1N612", "", "R", 55.512, 53.15, 0, 0, 0],
		[19, "PAD2_1", 1787.7085, -1062.9215, "T", "SMD", "$1N629", "", "R", 55.512, 53.15, 0, 0, 0],
		[20, "PAD3_2", 1787.0785, -1251.5715, "T", "SMD", "$1N629", "", "R", 39.37, 55.1, 0, 0, 90],
		[21, "PAD4_1", 1787.0785, -1334.2715, "T", "SMD", "$1N653", "", "R", 39.37, 55.1, 0, 0, 90],
		[22, "PAD5_2", 1927.0785, -1258.5515, "T", "SMD", "$1N612", "", "R", 44.588, 54.213, 0, 0, 90],
		[23, "PAD6_1", 1927.0785, -1337.2915, "T", "SMD", "$1N653", "", "R", 44.588, 54.213, 0, 0, 90],
		[24, "PAD7_P$1", 2410, -1025, "T", "SMD", "$1N606", "", "R", 29.5276, 11.811, 0, 0, 180],
		[25, "PAD8_P$2", 2560, -975, "T", "DIP", "$1N601", "", "C", 31.811, 31.811, 11.811, 11.811, 90],
		[26, "PAD8_P$2", 2560, -975, "B", "DIP", "$1N601", "", "C", 31.811, 31.811, 11.811, 11.811, 90],
		[27, "PAD9_2", 2098.54, -1160, "T", "SMD", "$1N629", "", "R", 23.622, 70.866, 0, 0, 270],
		[28, "PAD10_1", 2098.54, -1110, "T", "SMD", "$1N601", "", "R", 23.622, 70.866, 0, 0, 270],
		[29, "PAD11_6", 2291.46, -1210, "T", "SMD", "$1N612", "", "R", 23.622, 70.866, 0, 0, 90],
		[30, "PAD12_7", 2291.46, -1160, "T", "SMD", "$1N612", "", "R", 23.622, 70.866, 0, 0, 90],
		[31, "PAD13_8", 2291.46, -1110, "T", "SMD", "$1N606", "", "R", 23.622, 70.866, 0, 0, 90]
	]
}
}